Amsterdam,Postbus 2287,1000 CG AMSTERDAM
Midden-Nederland,Postbus 8300,3503 RH UTRECHT
Noord-Nederland,Postbus 107,9400 AC ASSEN
Oost-Nederland,Postbus 618,7300 AP APELDOORN
Den Haag,Postbus 264,2501 CG DEN HAAG
Rotterdam,Postbus 70023,3000 LD ROTTERDAM
Zeeland-West-Brabant,Postbus 8050,5004 GB TILBURG
Limburg,Postbus 1230,6201 BE MAASTRICHT
Noord-Holland,Postbus 57,2000 AB HAARLEM
Oost-Brabant,Postbus 90163,5200 MS DEN BOSCH
Landelijke eenheid,Postbus 100,3970 AC DRIEBERGEN
Politie Nederland,Postbus 17107,2502 CC DEN HAAG